Name,tp_ParseIP,tp_UpdatePasswords,tp_OpenPWOs,tp_OSPFMap,tp_EEScript,tp_EasyReplace,tp_IPCalc,tp_ConfigBreakdown,tp_T1Service,tp_Validate,tp_Inventory,tp_Review,tp_Test,tp_TestDrop,tp_Remedy,tp_TND,tp_RBS,tp_SharePoint,btn_ParseIP_reviewUMMT,grpbx_ParseIP_Overall,btn_OSPFMap_GetTheData
ash.rezqalla,,,,,,,,,,,,,,,,,,,,,
ayaz.lodhi,,,,,Hide,,,,,,,Hide,Hide,Hide,,Hide,,,,,
mathieu.roy,,,,,Hide,,,,,,,Hide,Hide,Hide,,Hide,,,Hide,,
Kanwaljit.Singh,,,,,Hide,,,,,,,Hide,Hide,Hide,,Hide,,,Hide,,
Vinod.Singla,,,,,Hide,,,,,,,Hide,Hide,Hide,,Hide,,,Hide,,
Sulay.Soni,,,,,Hide,,,,,,,Hide,Hide,Hide,,Hide,,,Hide,,
Naziq.Ali,,,,,Hide,,,,,,,Hide,Hide,Hide,,Hide,,,Hide,,
Mubeen.Qureshi,,,,,Hide,,,,,,,Hide,Hide,Hide,,Hide,,,Hide,,
FaisalSaeed.Lodhi,,,,,Hide,,,,,,,Hide,Hide,Hide,,Hide,,,Hide,,
Rahul.Dua1,,,,,Hide,,,,,,,Hide,Hide,Hide,,Hide,,,Hide,,
S.Sithamparanathan,,,,,Hide,,,,,,,Hide,Hide,Hide,,Hide,,,Hide,,
Bahaa.Jaafar,,Hide,,,,,,,,,,Hide,Hide,,,,,,Hide,Hide,
Cyrone.Urbano,,Hide,,,,,,,,,,Hide,Hide,,,,,,Hide,Hide,
Steven.Zhou,,Hide,,,,,,,,,,Hide,Hide,,,,,,Hide,Hide,
Hasnat.Ahmed,,Hide,,,,,,,,,,Hide,Hide,,,,,,Hide,Hide,
Javier.Krentzien,,Hide,,,,,,,,,,Hide,Hide,,,,,,Hide,Hide,
azimul.islam,,Hide,,,,,,,,,,Hide,Hide,,,,,,Hide,Hide,
Asad.Bhatti,,Hide,,,,,,,,,,Hide,Hide,,,,,,Hide,Hide,
Alex.Chiu,,Hide,,,,,,,,,,Hide,Hide,,,Hide,,,Hide,Hide,
zeeshan.gul,,Hide,,,,,,,,,,Hide,Hide,,,,,,Hide,Hide,
KarenJane.Mangay,,Hide,,,,,,,,,,Hide,Hide,,,,,,Hide,Hide,
Alamgir.Hossain,,Hide,,,,,,,,,,Hide,Hide,,,,,,Hide,Hide,
Alain.Maniquiz,,Hide,,,,,,,,,,Hide,Hide,,,,,,Hide,Hide,
Edward.Lan,,Hide,,,,,,,,,,Hide,Hide,,,,,,Hide,Hide,
Yannick.Dion,,Hide,,,,,,,,,,Hide,Hide,,,,,,Hide,Hide,
Gerry.Rumbaua,,Hide,Hide,,Hide,,,,,,,Hide,Hide,Hide,,,,,Hide,Hide,
Glenn.Ross,,Hide,Hide,,,,,,,,,Hide,Hide,Hide,,,,,Hide,Hide,
Hani.Ishak,,Hide,Hide,,,,,,,,,Hide,Hide,Hide,,,,,Hide,Hide,
Michael.Gu,,Hide,Hide,,,,,,,,,Hide,Hide,Hide,,,,,Hide,Hide,
Claudio.Liquete,,Hide,Hide,,Hide,,,,,,,Hide,Hide,Hide,,,,,Hide,Hide,
Mansoor.Chughtai,Hide,Hide,Hide,,Hide,Hide,Hide,Hide,Hide,Hide,Hide,Hide,Hide,Hide,,Hide,Hide,,Hide,Hide,
